"0000","にじこ"
"0001","小日向やよい"
"0002","綾瀬詩織"
"0003","藤原未央"
"0004","碧井エリカ"
"0005","睦月はな"
"0006","クロエ"
"0007","茅野美里"
"0008","リザ・テイルズ"
"0009","立花杏"
"0010","南一千花"
"0011","天花寺優姫奈"
"0012","朝霞わかな"
"0013","押野桜"
"0014","芹沢凛"
"0015","如月レイナ"
"0016","月乃しずく"
"0017","雨宮ゆい"
"0018","山田かおるこ"
"0019","丸山円"
"0020","遥風渚"
"0021","椿フラン"
"0022","柊祥子"
"0023","楪澪"
"0024","七瀬小春"
"0025","七瀬楓"
"0026","日月かんな"
"0027","京極もか"
"0028","東條有純"
"0029","夢咲ほたる"
"0030","白石瑞希"
"0031","瑠璃垣るり"
"0032","早乙女志穂"
"0033","柏木アヤネ"
"0034","姫川紗良"
"0035","くぅこ"
"0036","城戸澄香"
"0037","辻かをり"
"0038","西住マキ"
"0039","小日向花梨"
"0040","諸星ミカ＆リカ"
"0041","百石ゆず葉"
"0042","上宮みく"
"0043","白瀬秋奈"
"0044","榎本つばさ"
"0045","矢ノ倉ルミア"
"0046","藍田夜風"
"0047","灰原なの"
"0048","伊吹由香里"
"0049","星美メイ"
"0050","望月真冬"
"0051","シャーロット"
"0052","黛うた"
"0053","東雲アイル"
"0054","後藤真遊美"
"0055","音無葉月"
"0056","愛川ねね"
"0057","五十嵐希"
"0058","井筒キノ"
"0059","神原いずみ"
"0060","齋藤寿世"
"0061","一ノ瀬ちはや"
"0062","遠坂舞"
"0063","御影アリス"
"0064","藤林沙耶"
"0065","多々良みほ"
"0066","加賀美蘭"
"0068","エーデルガルト"
"0069","皇月歩"
"0070","櫻井みるく"
"0071","花城ハルカ"
"0072","燕日和"
"0073","上尾まあや"
"0074","佐伯糸"
"0075","立飛那奈"
"0076","猫宮くろな"
"0077","暁紫音"
"0078","白鷺祈"
"0079","結城ゆき"
"0080","水橋あやか"
"0081","雨音涙"
"0082","北条ひまり"
"0083","長谷川ミア"
"0084","月雲もも"
"0085","宮間空"
"0086","陸奥紬"
"0087","黎香麗"
"0088","椎名ひとみ"
"0089","大和撫子"
"0090","北川なつめ"
"0091","西園寺青子"
"0092","赤居凪"
"0093","兎野みゆ"
"0094","直江穂香"
"0095","歌代カナデ"
"0096","由良比女緋色"
"0097","鈴目陸"
"0098","宇沢るりあ"
"0099","小日向ミドリ"
"0100","千歳ゆり"
"0101","國枝椛"
"0102","卯花ののか"
"0103","霧島アイ"
"0104","朝日夕"
"0105","アンナ"
"0106","喜多野麻里"
"0107","飛鳥井巴"
"0108","秋柴かざり"
"0109","南雲ひたぎ"
"0110","南雲レン"
"0111","枡田まな"
"0112","栗原まろん"
"0113","戎ミヤビ"
"0114","二階堂菫"
"1001","一ノ瀬ゆい"
"1002","来栖玲奈"
"1003","常盤遥香"
"1004","葵サキ"
"1005","小桜ひより"
"1006","月城真琴"
"1007","明日見彩"
